1	ア、秋	1903
2	I can speak	2294
3	愛と美について	13747
4	青森	954
5	青森	992
6	朝	3505
7	あさましきもの	2309
8	新しい形の個人主義	476
9	兄たち	8530
10	或る忠告	1158
11	老ハイデルベルヒ	9686
12	『老ハイデルベルヒ』序	1256
13	一日の労苦	3057
14	一問一答	1645
15	一灯	3558
16	一歩前進二歩退却	1439
17	田舎者	414
18	『井伏鱒二選集』後記	10849
19	陰火	14500
20	ヴィヨンの妻	21679
21	嘘	9040
22	右大臣実朝	116535
23	鬱屈禍	2282
24	姥捨	14778
25	『姥捨』あとがき	616
26	海	1054
27	炎天汗談	1678
28	黄金風景	3526
29	黄村先生言行録	14901
30	桜桃	5488
31	緒方氏を殺した者	1344
32	おさん	11348
33	おしゃれ童子	6678
34	織田君の死	1009
35	お伽草紙	72583
36	お伽草紙	73613
37	音について	1991
38	音に就いて	1981
39	同じ星	1275
40	思ひ出	31566
41	『思ひ出』序	1683
42	親という二字	3524
43	女の決闘	39795
44	かくめい	557
45	駈込み訴え	14391
46	佳日	16163
47	花燭	19471
48	かすかな声	1451
49	風の便り	34684
50	『風の便り』あとがき	661
51	喝采	7558
52	家庭の幸福	9120
53	貨幣	6258
54	鴎	12558
55	彼は昔の彼ならず	29990
56	川端康成へ	2409
57	玩具	4982
58	『玩具』あとがき	1252
59	帰去来	16561
60	義務	2208
61	逆行	12297
62	逆行	12659
63	饗応夫人	7641
64	狂言の神	16728
65	郷愁	1579
66	虚構の春	57957
67	魚服記	5992
68	魚服記に就て	649
69	きりぎりす	13449
70	禁酒の心	4219
71	金銭の話	2748
72	九月十月十一月	3731
73	グッド・バイ	16479
74	「グッド・バイ」作者の言葉	512
75	苦悩の年鑑	8556
76	黒石の人たち	1286
77	芸術ぎらい	3215
78	校長三代	2112
79	故郷	11623
80	国技館	1289
81	心の王者	2765
82	乞食学生	35793
83	五所川原	1048
84	五所川原	1146
85	五所川原	1012
86	古典風	11722
87	古典竜頭蛇尾	3258
88	このごろ	4090
89	困惑の弁	4524
90	座興に非ず	2327
91	酒ぎらい	6489
92	酒の追憶	7591
93	作家の像	4117
94	作家の手帖	6419
95	佐渡	12210
96	猿ヶ島	6398
97	猿面冠者	15496
98	猿面冠者	15863
99	『猿面冠者』あとがき	815
100	三月三十日	2427
101	散華	10936
102	思案の敗北	3158
103	自作を語る	2185
104	私信	1038
105	私信	920
106	自信の無さ	1104
107	自信の無さ	977
108	市井喧争	2071
109	失敗園	2947
110	弱者の糧	2148
111	斜陽	97369
112	十五年間	20096
113	十二月八日	8243
114	秋風記	8756
115	純真	782
116	純真	782
117	春昼	1288
118	春昼	1176
119	小志	646
120	正直ノオト	1962
121	小照	1410
122	小説の面白さ	1508
123	食通	959
124	諸君の位置	2241
125	『女性』あとがき	612
126	女生徒	32471
127	女類	8606
128	知らない人	4345
129	新釈諸国噺	103897
130	新樹の言葉	15577
131	新ハムレット	99461
132	人物に就いて	2094
133	親友交歓	15861
134	新郎	7250
135	水仙	12061
136	雀	7323
137	雀こ	2877
138	砂子屋	1152
139	砂子屋	1013
140	正義と微笑	117053
141	政治家と家庭	786
142	清貧譚	9775
143	世界的	1489
144	世界的	1369
145	惜別	98555
146	「惜別」の意図	2458
147	先生三人	1579
148	善蔵を思う	15028
149	創作余談	1734
150	創生記	15194
151	俗天使	8439
152	大恩は語らず	2323
153	ダス・ゲマイネ	22825
154	ダス・ゲマイネ	22464
155	たずねびと	7901
156	多頭蛇哲学	2332
157	田中君に就いて	1397
158	誰	9240
159	誰も知らぬ	7637
160	断崖の錯覚	13500
161	檀君の近業について	645
162	男女同権	17764
163	小さいアルバム	8558
164	地球図	7457
165	「地球図」序	760
166	畜犬談	13292
167	竹青	12649
168	地図	5867
169	父	8226
170	チャンス	9257
171	千代女	12710
172	津軽	114358
173	津軽地方とチエホフ	2637
174	デカダン抗議	4402
175	鉄面皮	12465
176	天狗	4357
177	答案落第	2622
178	東京だより	3066
179	東京八景	21865
180	『東京八景』あとがき	721
181	道化の華	36734
182	当選の日	4109
183	灯籠	6316
184	トカトントン	13631
185	徒党について	1656
186	豊島与志雄著『高尾ざんげ』解説	1796
187	貪婪禍	2165
188	二十世紀旗手	15207
189	如是我聞	24024
190	女人訓戒	4386
191	女人創造	2150
192	庭	4086
193	「人間キリスト記」その他	1758
194	人間失格	77153
195	葉	10838
196	パウロの混乱	2394
197	薄明	9950
198	葉桜と魔笛	6616
199	恥	8186
200	走ラヌ名馬	1332
201	走れメロス	10819
202	八十八夜	14690
203	花火	15249
204	花吹雪	18376
205	母	8003
206	春	1278
207	春の枯葉	25334
208	春の盗賊	30677
209	パンドラの匣	91724
210	『パンドラの匣』あとがき	681
211	犯人	8972
212	「晩年」と「女生徒」	1235
213	「晩年」に就いて	1270
214	眉山	7936
215	美少女	6160
216	美男子と煙草	5279
217	一つの約束	1153
218	火の鳥	38776
219	火の鳥	39543
220	皮膚と心	16671
221	HUMAN LOST	13012
222	フォスフォレッスセンス	4899
223	富嶽百景	16000
224	『富嶽百景』序	822
225	服装に就いて	13013
226	富士に就いて	1579
227	不審庵	8939
228	冬の花火	23389
229	碧眼托鉢	7203
230	返事	3190
231	待つ	2382
232	満願	1892
233	未帰還の友に	11047
234	男女川と羽左衛門	1160
235	みみずく通信	6372
236	無趣味	838
237	無趣味	698
238	無題	796
239	無題	904
240	女神	7746
241	『女神』あとがき	494
242	めくら草紙	7352
243	雌に就いて	5593
244	メリイクリスマス	7338
245	盲人独笑	11175
246	もの思う葦	23913
247	文盲自嘲	1217
248	悶悶日記	2105
249	やんぬる哉	5140
250	雪の夜の話	4973
251	容貌	1146
252	容貌	1055
253	横綱	768
254	横綱	887
255	ラロシフコー	1534
256	懶惰の歌留多	13605
257	リイズ	3809
258	律子と貞子	5899
259	令嬢アユ	6370
260	列車	3576
261	列車	3702
262	六月十九日	1029
263	六月十九日	1094
264	ロマネスク	20086
265	ろまん灯籠	39312
266	『ろまん灯籠』序	435
267	わが愛好する言葉	418
268	わが半生を語る	4605
269	私の著作集	823
270	私の著作集	913
271	渡り鳥	7509
