1	愛読書の印象	1363
2	秋	12222
3	芥川竜之介歌集	2783
4	アグニの神	9242
5	アグニの神	9168
6	悪魔	2279
7	浅草公園	10693
8	兄貴のような心持	1435
9	あの頃の自分の事	17058
10	あばばばば	7268
11	鴉片	3398
12	或阿呆の一生	14175
13	或敵打の話	12363
14	或旧友へ送る手記	3896
15	或社会主義者	1865
16	或日の大石内蔵助	10919
17	或恋愛小説	5933
18	闇中問答	6822
19	案頭の書	5821
20	飯田蛇笏	1884
21	遺書	2420
22	イズムと云ふ語の意味次第	1250
23	一番気乗のする時	2591
24	一夕話	7427
25	伊東から	1224
26	糸女覚え書	7830
27	犬養君に就いて	667
28	犬と笛	9431
29	芋粥	16908
30	岩野泡鳴氏	912
31	魚河岸	3119
32	内田百間氏	895
33	産屋	1126
34	馬の脚	13867
35	海のほとり	7861
36	囈語	615
37	運	8597
38	永久に不愉快な二重生活	946
39	英雄の器	2270
40	江口渙氏の事	1723
41	槐	1226
42	老いたる素戔嗚尊	13518
43	往生絵巻	3948
44	鸚鵡	1940
45	大川の水	5003
46	大久保湖州	12370
47	Ｏ君の新秋	2396
48	尾形了斎覚え書	4945
49	おぎん	6922
50	お時儀	5057
51	おしの	5906
52	お富の貞操	9611
53	鬼ごつこ	909
54	お律と子等と	29615
55	温泉だより	7791
56	女	2765
57	開化の良人	19687
58	開化の殺人	10529
59	貝殻	6072
60	解嘲	4867
61	蛙	2102
62	格さんと食慾	970
63	影	12572
64	片恋	5290
65	かちかち山	1504
66	学校友だち	3991
67	河童	42950
68	河童	38383
69	南瓜	3893
70	神神の微笑	11247
71	「仮面」の人々	1083
72	鴨猟	1103
73	軽井沢で	1060
74	カルメン	2631
75	彼	6437
76	彼　第二	7065
77	枯野抄	9163
78	彼の長所十八	883
79	寒山拾得	1709
80	鑑定	1978
81	奇怪な再会	25723
82	機関車を見ながら	2559
83	奇遇	8073
84	「菊池寛全集」の序	2527
85	煙管	8101
86	木曽義仲論	34021
87	着物	1558
88	凶	1645
89	「鏡花全集」目録開口	2055
90	教訓談	953
91	京都日記	5107
92	きりしとほろ上人伝	14807
93	疑惑	14414
94	金将軍	4048
95	鵠沼雑記	2289
96	孔雀	741
97	首が落ちた話	9070
98	久保田万太郎氏	1710
99	久米正雄	1107
100	久米正雄氏の事	921
101	蜘蛛の糸	3679
102	クラリモンド	33457
103	軍艦金剛航海記	7103
104	芸術その他	4398
105	戯作三昧	24077
106	戯作三昧	23131
107	袈裟と盛遠	8777
108	結婚難並びに恋愛難	2015
109	「ケルトの薄明」より	4968
110	玄鶴山房	14225
111	講演軍記	997
112	剛才人と柔才人と	859
113	好色	12846
114	後世	1537
115	校正後に	2147
116	合理的、同時に多量の人間味	1867
117	黄粱夢	1588
118	黒衣聖母	5573
119	小杉未醒氏	1211
120	古千屋	4202
121	骨董羹	16663
122	孤独地獄	3533
123	子供の病気	6846
124	湖南の扇	11210
125	近藤浩一路氏	1052
126	金春会の「隅田川」	3658
127	西郷隆盛	12426
128	才一巧亦不二	866
129	西方の人	16138
130	鷺と鴛鴦	1872
131	雑信一束	2523
132	雑筆	13864
133	佐藤春夫氏	1106
134	佐藤春夫氏の事	805
135	さまよえる猶太人	8267
136	寒さ	4982
137	沙羅の花	482
138	猿	6196
139	猿蟹合戦	3050
140	三右衛門の罪	9379
141	死後	3783
142	地獄変	29276
143	地獄変	29572
144	詩集	1261
145	十本の針	2720
146	支那の画	2436
147	「支那游記」自序	811
148	島木赤彦氏	1498
149	耳目記	1059
150	霜夜	892
151	邪宗門	48848
152	上海游記	38968
153	十円札	10906
154	秋山図	10334
155	蒐書	1370
156	侏儒の言葉	34133
157	侏儒の言葉	40499
158	「侏儒の言葉」の序	442
159	酒虫	7877
160	出帆	3014
161	じゅりあの・吉助	2882
162	俊寛	21696
163	将軍	18463
164	商賈聖母	646
165	饒舌	2447
166	小説作法十則	2295
167	小説の戯曲化	2566
168	小説の読者	1074
169	少年	18638
170	娼婦美と冒険	1212
171	食物として	981
172	虱	4992
173	しるこ	1762
174	白	9502
175	蜃気楼	5764
176	新緑の庭	756
177	塵労	1005
178	素戔嗚尊	52292
179	捨児	6092
180	青年と死	4504
181	西洋画のやうな日本画	1549
182	仙人	1040
183	仙人	4127
184	仙人	6679
185	葬儀記	4754
186	創作	2895
187	早春	4060
188	漱石山房の秋	2623
189	漱石山房の冬	2060
190	装幀に就いての私の意見	444
191	続西方の人	9526
192	続澄江堂雑記	2605
193	続芭蕉雑記	2462
194	続文芸的な、余りに文芸的な	4071
195	続野人生計事	15694
196	その頃の赤門生活	1882
197	素描三題	3281
198	大正十二年九月一日の大震に際して	11420
199	大導寺信輔の半生	14406
200	大導寺信輔の半生	13287
201	第四の夫から	3371
202	滝田哲太郎君	1959
203	滝田哲太郎氏	1611
204	竜村平蔵氏の芸術	1711
205	谷崎潤一郎氏	1236
206	たね子の憂鬱	4596
207	煙草と悪魔	7306
208	田端人	2624
209	田端日記	5718
210	近頃の幽霊	3602
211	父	4262
212	忠義	16245
213	偸盗	55847
214	澄江堂雑記	20072
215	長江游記	8709
216	樗牛の事	4256
217	追憶	13283
218	恒藤恭氏	2158
219	手紙	6478
220	出来上った人	927
221	伝吉の敵打ち	6588
222	点鬼簿	5256
223	点心	9823
224	東京小品	6052
225	東京に生れて	1354
226	東西問答	2112
227	道祖問答	3519
228	動物園	5406
229	東洋の秋	2253
230	都会で	1630
231	杜子春	10437
232	杜子春	11086
233	豊島与志雄氏の事	1574
234	虎の話	2110
235	トロッコ	5413
236	トロツコ	5005
237	長崎	618
238	長崎小品	3740
239	夏目先生と滝田さん	1682
240	南京の基督	11434
241	廿年後之戦争	3249
242	偽者二題	1568
243	尼提	3290
244	日光小品	4808
245	日本小説の支那訳	2193
246	日本の女	9127
247	入社の辞	1879
248	女仙	1369
249	女体	1609
250	庭	6368
251	沼	1836
252	沼地	2517
253	葱	10118
254	鼠小僧次郎吉	14295
255	念仁波念遠入礼帖	1358
256	年末の一日	3807
257	野呂松人形	4115
258	八宝飯	4093
259	俳画展覧会を観て	1573
260	梅花に対する感情	2364
261	売文問答	2313
262	歯車	27580
263	歯車	27233
264	芭蕉雑記	15588
265	パステルの竜	1721
266	はつきりした形をとる為めに	1617
267	鼻	7079
268	母	10680
269	春	11632
270	バルタザアル	11680
271	春の心臓	5384
272	春の日のさした往来をぶらぶら一人歩いてゐる	1142
273	春の夜は	1738
274	春の夜	3371
275	手巾	8255
276	ピアノ	1674
277	微笑	1392
278	尾生の信	2388
279	人及び芸術家としての薄田泣菫氏	2134
280	一塊の土	10389
281	一つの作が出来上るまで	2317
282	一人の無名作家	1148
283	雛	12689
284	病牀雑記	1900
285	病中雑記	2786
286	ひょっとこ	6904
287	平田先生の翻訳	1684
288	比呂志との問答	473
289	風変りな作品に就いて	1767
290	不思議な島	7762
291	拊掌談	2429
292	二つの手紙	13229
293	二人小町	7717
294	二人の友	1696
295	舞踏会	5932
296	文放古	5318
297	冬	7034
298	プロレタリア文学論	2838
299	文学好きの家庭から	1039
300	文芸鑑賞講座	11704
301	文芸的な、余りに文芸的な	53758
302	文章	8566
303	文章と言葉と	1074
304	僻見	21117
305	北京日記抄	9374
306	変遷その他	3803
307	報恩記	18531
308	奉教人の死	11104
309	ポーの片影	2813
310	僕の友だち二三人	1923
311	僕は	1697
312	発句私見	1910
313	本所両国	22592
314	本所両国	28000
315	本の事	4251
316	翻訳小品	1636
317	正岡子規	1666
318	魔術	8539
319	亦一説？	908
320	又一説？	1539
321	松江印象記	3841
322	窓	2135
323	蜜柑	3827
324	蜜柑	7070
325	蜜柑	4035
326	水の三日	5757
327	三つの宝	8659
328	三つのなぜ	3605
329	三つの窓	8389
330	三つの指環	5744
331	身のまはり	2012
332	妙な話	5744
333	貉	3028
334	無題	615
335	Mensura Zoili	4912
336	毛利先生	14555
337	桃太郎	6312
338	森先生	858
339	文部省の仮名遣改定案について	3680
340	野人生計事	5562
341	保吉の手帳から	10882
342	藪の中	10414
343	藪の中	15903
344	山鴫	9215
345	槍ヶ岳紀行	5686
346	槍が岳に登った記	3043
347	悠々荘	2574
348	誘惑	9937
349	雪	1166
350	夢	965
351	夢	7497
352	百合	5703
353	妖婆	40673
354	横須賀小景	886
355	世之助の話	7853
356	世の中と女	1522
357	羅生門	6903
358	羅生門	7963
359	羅生門の後に	2001
360	リチャード・バートン訳「一千一夜物語」に就いて	6056
361	竜	11686
362	るしへる	6118
363	恋愛と夫婦愛とを混同しては不可ぬ	2943
364	老年	4531
365	臘梅	703
366	六の宮の姫君	7003
367	路上	51843
368	LOS CAPRICHOS	6592
369	露訳短篇集の序	1564
370	わが散文詩	5036
371	わが俳諧修業	1482
372	わが家の古玩	1995
373	忘れられぬ印象	1013
374	私の好きなロマンス中の女性	446
